survey_id,participant_id,left_label,right_label,left_design,right_design,preference
30,cd5be06b-1f8f-4303-a912-f8832fba9a4f,L64,L4,1237465,1432567,left
30,cd5be06b-1f8f-4303-a912-f8832fba9a4f,L39,L36,1274536,2314567,left
30,cd5be06b-1f8f-4303-a912-f8832fba9a4f,L7,L79,1234765,2341567,left
30,cd5be06b-1f8f-4303-a912-f8832fba9a4f,L22,L10,7234561,1236547,right
30,cd5be06b-1f8f-4303-a912-f8832fba9a4f,L43,L48,5231467,1436527,left
30,cd5be06b-1f8f-4303-a912-f8832fba9a4f,L25,L27,7234516,1624537,left
30,cd5be06b-1f8f-4303-a912-f8832fba9a4f,L31,L18,1274365,1634527,left
30,cd5be06b-1f8f-4303-a912-f8832fba9a4f,L20,L72,6234517,1423567,left
30,cd5be06b-1f8f-4303-a912-f8832fba9a4f,L45,L64,1524367,1237465,right
30,cd5be06b-1f8f-4303-a912-f8832fba9a4f,L61,L51,1273564,7134562,left
30,cd5be06b-1f8f-4303-a912-f8832fba9a4f,L29,L72,1342567,1423567,left
30,cd5be06b-1f8f-4303-a912-f8832fba9a4f,L51,L26,7134562,1264573,right
30,cd5be06b-1f8f-4303-a912-f8832fba9a4f,L30,L69,3274561,4235167,left
30,cd5be06b-1f8f-4303-a912-f8832fba9a4f,L53,L64,1263547,1237465,left
30,cd5be06b-1f8f-4303-a912-f8832fba9a4f,L15,L36,5234167,2314567,left
30,cd5be06b-1f8f-4303-a912-f8832fba9a4f,L42,L49,3254167,1235764,right
30,cd5be06b-1f8f-4303-a912-f8832fba9a4f,L69,L72,4235167,1423567,left
30,cd5be06b-1f8f-4303-a912-f8832fba9a4f,L16,L80,1264537,5431267,left
30,cd5be06b-1f8f-4303-a912-f8832fba9a4f,L14,L21,1534267,1274563,right
30,cd5be06b-1f8f-4303-a912-f8832fba9a4f,L66,L14,2534167,1534267,left
30,ac88a291-52cd-451e-bc6e-ee63f4b0e66a,L4,L64,1432567,1237465,right
30,ac88a291-52cd-451e-bc6e-ee63f4b0e66a,L39,L36,1274536,2314567,left
30,ac88a291-52cd-451e-bc6e-ee63f4b0e66a,L7,L79,1234765,2341567,left
30,ac88a291-52cd-451e-bc6e-ee63f4b0e66a,L10,L22,1236547,7234561,right
30,ac88a291-52cd-451e-bc6e-ee63f4b0e66a,L48,L43,1436527,5231467,right
30,ac88a291-52cd-451e-bc6e-ee63f4b0e66a,L27,L25,1624537,7234516,right
30,ac88a291-52cd-451e-bc6e-ee63f4b0e66a,L31,L18,1274365,1634527,left
30,ac88a291-52cd-451e-bc6e-ee63f4b0e66a,L72,L20,1423567,6234517,right
30,ac88a291-52cd-451e-bc6e-ee63f4b0e66a,L45,L64,1524367,1237465,right
30,ac88a291-52cd-451e-bc6e-ee63f4b0e66a,L51,L61,7134562,1273564,right
30,ac88a291-52cd-451e-bc6e-ee63f4b0e66a,L29,L72,1342567,1423567,right
30,ac88a291-52cd-451e-bc6e-ee63f4b0e66a,L51,L26,7134562,1264573,right
30,ac88a291-52cd-451e-bc6e-ee63f4b0e66a,L30,L69,3274561,4235167,left
30,ac88a291-52cd-451e-bc6e-ee63f4b0e66a,L53,L64,1263547,1237465,right
30,ac88a291-52cd-451e-bc6e-ee63f4b0e66a,L36,L15,2314567,5234167,right
30,ac88a291-52cd-451e-bc6e-ee63f4b0e66a,L42,L49,3254167,1235764,right
30,ac88a291-52cd-451e-bc6e-ee63f4b0e66a,L69,L72,4235167,1423567,right
30,ac88a291-52cd-451e-bc6e-ee63f4b0e66a,L80,L16,5431267,1264537,right
30,ac88a291-52cd-451e-bc6e-ee63f4b0e66a,L21,L14,1274563,1534267,left
30,ac88a291-52cd-451e-bc6e-ee63f4b0e66a,L66,L14,2534167,1534267,right
29,24c14fae-a844-457d-8a3d-1a61d092e639,L58,L23,2734561,1634257,left
29,24c14fae-a844-457d-8a3d-1a61d092e639,L66,L22,2534167,7234561,right
29,24c14fae-a844-457d-8a3d-1a61d092e639,L9,L70,1734562,4236517,left
29,24c14fae-a844-457d-8a3d-1a61d092e639,L70,L38,4236517,6234571,right
29,24c14fae-a844-457d-8a3d-1a61d092e639,L9,L68,1734562,6234157,left
29,24c14fae-a844-457d-8a3d-1a61d092e639,L65,L21,1254763,1274563,right
29,24c14fae-a844-457d-8a3d-1a61d092e639,L21,L31,1274563,1274365,left
29,24c14fae-a844-457d-8a3d-1a61d092e639,L10,L62,1236547,1253467,left
29,24c14fae-a844-457d-8a3d-1a61d092e639,L74,L20,1234756,6234517,right
29,24c14fae-a844-457d-8a3d-1a61d092e639,L17,L45,1234576,1524367,left
29,24c14fae-a844-457d-8a3d-1a61d092e639,L75,L1,1237546,1234567,right
29,24c14fae-a844-457d-8a3d-1a61d092e639,L18,L10,1634527,1236547,right
29,24c14fae-a844-457d-8a3d-1a61d092e639,L48,L46,1436527,1534627,right
29,24c14fae-a844-457d-8a3d-1a61d092e639,L62,L65,1253467,1254763,right
29,24c14fae-a844-457d-8a3d-1a61d092e639,L39,L34,1274536,4132567,left
29,24c14fae-a844-457d-8a3d-1a61d092e639,L65,L75,1254763,1237546,right
29,24c14fae-a844-457d-8a3d-1a61d092e639,L10,L51,1236547,7134562,left
29,24c14fae-a844-457d-8a3d-1a61d092e639,L52,L33,1254637,1532467,left
29,24c14fae-a844-457d-8a3d-1a61d092e639,L30,L51,3274561,7134562,left
29,24c14fae-a844-457d-8a3d-1a61d092e639,L5,L33,1234657,1532467,left
28,15c51c86-f450-421f-8880-07969d42b1c6,L42,L15,3254167,5234167,left
28,15c51c86-f450-421f-8880-07969d42b1c6,L56,L54,4237561,1374562,right
28,15c51c86-f450-421f-8880-07969d42b1c6,L29,L79,1342567,2341567,left
28,15c51c86-f450-421f-8880-07969d42b1c6,L80,L82,5431267,1273546,right
28,15c51c86-f450-421f-8880-07969d42b1c6,L10,L4,1236547,1432567,left
28,15c51c86-f450-421f-8880-07969d42b1c6,L56,L71,4237561,1246537,right
28,15c51c86-f450-421f-8880-07969d42b1c6,L30,L49,3274561,1235764,right
28,15c51c86-f450-421f-8880-07969d42b1c6,L73,L22,1354267,7234561,right
28,15c51c86-f450-421f-8880-07969d42b1c6,L27,L3,1624537,4231567,right
28,15c51c86-f450-421f-8880-07969d42b1c6,L77,L75,7234165,1237546,right
28,15c51c86-f450-421f-8880-07969d42b1c6,L24,L7,1235647,1234765,right
28,15c51c86-f450-421f-8880-07969d42b1c6,L18,L52,1634527,1254637,right
28,15c51c86-f450-421f-8880-07969d42b1c6,L81,L82,1764523,1273546,right
28,15c51c86-f450-421f-8880-07969d42b1c6,L54,L20,1374562,6234517,left
28,15c51c86-f450-421f-8880-07969d42b1c6,L27,L36,1624537,2314567,right
28,15c51c86-f450-421f-8880-07969d42b1c6,L18,L64,1634527,1237465,right
28,15c51c86-f450-421f-8880-07969d42b1c6,L9,L40,1734562,1534762,left
28,15c51c86-f450-421f-8880-07969d42b1c6,L55,L70,6231547,4236517,left
28,15c51c86-f450-421f-8880-07969d42b1c6,L30,L5,3274561,1234657,right
28,15c51c86-f450-421f-8880-07969d42b1c6,L22,L2,7234561,1324567,left
27,994af02b-6e2b-4bd8-9da8-670e3270ec6d,L49,L62,1235764,1253467,right
27,994af02b-6e2b-4bd8-9da8-670e3270ec6d,L5,L43,1234657,5231467,left
27,994af02b-6e2b-4bd8-9da8-670e3270ec6d,L4,L20,1432567,6234517,right
27,994af02b-6e2b-4bd8-9da8-670e3270ec6d,L34,L44,4132567,4213567,right
27,994af02b-6e2b-4bd8-9da8-670e3270ec6d,L57,L10,1634572,1236547,right
27,994af02b-6e2b-4bd8-9da8-670e3270ec6d,L50,L31,1236457,1274365,right
27,994af02b-6e2b-4bd8-9da8-670e3270ec6d,L55,L22,6231547,7234561,right
27,994af02b-6e2b-4bd8-9da8-670e3270ec6d,L76,L79,3264517,2341567,left
27,994af02b-6e2b-4bd8-9da8-670e3270ec6d,L24,L23,1235647,1634257,left
27,994af02b-6e2b-4bd8-9da8-670e3270ec6d,L65,L72,1254763,1423567,left
27,994af02b-6e2b-4bd8-9da8-670e3270ec6d,L27,L78,1624537,7534261,left
27,994af02b-6e2b-4bd8-9da8-670e3270ec6d,L35,L24,5234617,1235647,right
27,994af02b-6e2b-4bd8-9da8-670e3270ec6d,L36,L5,2314567,1234657,right
27,994af02b-6e2b-4bd8-9da8-670e3270ec6d,L29,L13,1342567,1254367,right
27,994af02b-6e2b-4bd8-9da8-670e3270ec6d,L79,L1,2341567,1234567,right
27,994af02b-6e2b-4bd8-9da8-670e3270ec6d,L72,L15,1423567,5234167,right
27,994af02b-6e2b-4bd8-9da8-670e3270ec6d,L73,L51,1354267,7134562,left
27,994af02b-6e2b-4bd8-9da8-670e3270ec6d,L3,L1,4231567,1234567,right
27,994af02b-6e2b-4bd8-9da8-670e3270ec6d,L9,L75,1734562,1237546,right
27,994af02b-6e2b-4bd8-9da8-670e3270ec6d,L68,L10,6234157,1236547,right
27,8a888991-72fb-40ff-b02d-c976cb171f3e,L49,L62,1235764,1253467,right
27,8a888991-72fb-40ff-b02d-c976cb171f3e,L43,L5,5231467,1234657,right
27,8a888991-72fb-40ff-b02d-c976cb171f3e,L20,L4,6234517,1432567,left
27,8a888991-72fb-40ff-b02d-c976cb171f3e,L44,L34,4213567,4132567,left
27,8a888991-72fb-40ff-b02d-c976cb171f3e,L57,L10,1634572,1236547,right
27,8a888991-72fb-40ff-b02d-c976cb171f3e,L50,L31,1236457,1274365,right
27,8a888991-72fb-40ff-b02d-c976cb171f3e,L22,L55,7234561,6231547,right
27,8a888991-72fb-40ff-b02d-c976cb171f3e,L79,L76,2341567,3264517,right
27,8a888991-72fb-40ff-b02d-c976cb171f3e,L23,L24,1634257,1235647,right
27,8a888991-72fb-40ff-b02d-c976cb171f3e,L72,L65,1423567,1254763,right
27,8a888991-72fb-40ff-b02d-c976cb171f3e,L27,L78,1624537,7534261,left
27,8a888991-72fb-40ff-b02d-c976cb171f3e,L35,L24,5234617,1235647,right
27,8a888991-72fb-40ff-b02d-c976cb171f3e,L5,L36,1234657,2314567,left
27,8a888991-72fb-40ff-b02d-c976cb171f3e,L29,L13,1342567,1254367,right
27,8a888991-72fb-40ff-b02d-c976cb171f3e,L79,L1,2341567,1234567,right
27,8a888991-72fb-40ff-b02d-c976cb171f3e,L15,L72,5234167,1423567,right
27,8a888991-72fb-40ff-b02d-c976cb171f3e,L73,L51,1354267,7134562,right
27,8a888991-72fb-40ff-b02d-c976cb171f3e,L3,L1,4231567,1234567,right
27,8a888991-72fb-40ff-b02d-c976cb171f3e,L75,L9,1237546,1734562,left
27,8a888991-72fb-40ff-b02d-c976cb171f3e,L68,L10,6234157,1236547,right
26,566d1d3f-aae7-4852-8d8b-1d7c4d2ddae3,L22,L17,7234561,1234576,right
26,566d1d3f-aae7-4852-8d8b-1d7c4d2ddae3,L21,L70,1274563,4236517,left
26,566d1d3f-aae7-4852-8d8b-1d7c4d2ddae3,L51,L19,7134562,3214567,right
26,566d1d3f-aae7-4852-8d8b-1d7c4d2ddae3,L77,L24,7234165,1235647,right
26,566d1d3f-aae7-4852-8d8b-1d7c4d2ddae3,L20,L66,6234517,2534167,right
26,566d1d3f-aae7-4852-8d8b-1d7c4d2ddae3,L65,L52,1254763,1254637,right
26,566d1d3f-aae7-4852-8d8b-1d7c4d2ddae3,L4,L73,1432567,1354267,right
26,566d1d3f-aae7-4852-8d8b-1d7c4d2ddae3,L15,L18,5234167,1634527,left
26,566d1d3f-aae7-4852-8d8b-1d7c4d2ddae3,L10,L72,1236547,1423567,left
26,566d1d3f-aae7-4852-8d8b-1d7c4d2ddae3,L8,L55,1235467,6231547,left
26,566d1d3f-aae7-4852-8d8b-1d7c4d2ddae3,L62,L14,1253467,1534267,left
26,566d1d3f-aae7-4852-8d8b-1d7c4d2ddae3,L10,L44,1236547,4213567,left
26,566d1d3f-aae7-4852-8d8b-1d7c4d2ddae3,L63,L66,1632547,2534167,right
26,566d1d3f-aae7-4852-8d8b-1d7c4d2ddae3,L3,L77,4231567,7234165,left
26,566d1d3f-aae7-4852-8d8b-1d7c4d2ddae3,L30,L80,3274561,5431267,left
26,566d1d3f-aae7-4852-8d8b-1d7c4d2ddae3,L55,L48,6231547,1436527,left
26,566d1d3f-aae7-4852-8d8b-1d7c4d2ddae3,L19,L34,3214567,4132567,left
26,566d1d3f-aae7-4852-8d8b-1d7c4d2ddae3,L5,L60,1234657,1435267,left
26,566d1d3f-aae7-4852-8d8b-1d7c4d2ddae3,L4,L63,1432567,1632547,left
26,566d1d3f-aae7-4852-8d8b-1d7c4d2ddae3,L21,L20,1274563,6234517,left
25,826cfc96-9fff-405c-9c70-c63b8e07ba78,L54,L29,1374562,1342567,left
25,826cfc96-9fff-405c-9c70-c63b8e07ba78,L74,L70,1234756,4236517,left
25,826cfc96-9fff-405c-9c70-c63b8e07ba78,L33,L27,1532467,1624537,right
25,826cfc96-9fff-405c-9c70-c63b8e07ba78,L78,L7,7534261,1234765,right
25,826cfc96-9fff-405c-9c70-c63b8e07ba78,L71,L23,1246537,1634257,left
25,826cfc96-9fff-405c-9c70-c63b8e07ba78,L16,L49,1264537,1235764,left
25,826cfc96-9fff-405c-9c70-c63b8e07ba78,L9,L27,1734562,1624537,right
25,826cfc96-9fff-405c-9c70-c63b8e07ba78,L30,L78,3274561,7534261,left
25,826cfc96-9fff-405c-9c70-c63b8e07ba78,L29,L77,1342567,7234165,left
25,826cfc96-9fff-405c-9c70-c63b8e07ba78,L45,L34,1524367,4132567,right
25,826cfc96-9fff-405c-9c70-c63b8e07ba78,L37,L9,2431567,1734562,left
25,826cfc96-9fff-405c-9c70-c63b8e07ba78,L48,L82,1436527,1273546,right
25,826cfc96-9fff-405c-9c70-c63b8e07ba78,L23,L9,1634257,1734562,right
25,826cfc96-9fff-405c-9c70-c63b8e07ba78,L1,L61,1234567,1273564,left
25,826cfc96-9fff-405c-9c70-c63b8e07ba78,L60,L22,1435267,7234561,right
25,826cfc96-9fff-405c-9c70-c63b8e07ba78,L53,L15,1263547,5234167,left
25,826cfc96-9fff-405c-9c70-c63b8e07ba78,L71,L79,1246537,2341567,left
25,826cfc96-9fff-405c-9c70-c63b8e07ba78,L39,L48,1274536,1436527,left
25,826cfc96-9fff-405c-9c70-c63b8e07ba78,L71,L21,1246537,1274563,left
25,826cfc96-9fff-405c-9c70-c63b8e07ba78,L71,L47,1246537,1724563,left
24,c29fafed-77c0-429a-8bb0-24666c334544,L31,L49,1274365,1235764,left
24,c29fafed-77c0-429a-8bb0-24666c334544,L76,L50,3264517,1236457,right
24,c29fafed-77c0-429a-8bb0-24666c334544,L13,L40,1254367,1534762,left
24,c29fafed-77c0-429a-8bb0-24666c334544,L69,L61,4235167,1273564,right
24,c29fafed-77c0-429a-8bb0-24666c334544,L42,L60,3254167,1435267,right
24,c29fafed-77c0-429a-8bb0-24666c334544,L72,L7,1423567,1234765,right
24,c29fafed-77c0-429a-8bb0-24666c334544,L58,L78,2734561,7534261,left
24,c29fafed-77c0-429a-8bb0-24666c334544,L54,L78,1374562,7534261,left
24,c29fafed-77c0-429a-8bb0-24666c334544,L41,L16,1437562,1264537,right
24,c29fafed-77c0-429a-8bb0-24666c334544,L4,L41,1432567,1437562,left
24,c29fafed-77c0-429a-8bb0-24666c334544,L16,L8,1264537,1235467,left
24,c29fafed-77c0-429a-8bb0-24666c334544,L29,L67,1342567,1734526,left
24,c29fafed-77c0-429a-8bb0-24666c334544,L10,L74,1236547,1234756,left
24,c29fafed-77c0-429a-8bb0-24666c334544,L31,L78,1274365,7534261,left
24,c29fafed-77c0-429a-8bb0-24666c334544,L60,L14,1435267,1534267,right
24,c29fafed-77c0-429a-8bb0-24666c334544,L12,L24,2134567,1235647,right
24,c29fafed-77c0-429a-8bb0-24666c334544,L18,L47,1634527,1724563,right
24,c29fafed-77c0-429a-8bb0-24666c334544,L14,L72,1534267,1423567,right
24,c29fafed-77c0-429a-8bb0-24666c334544,L42,L57,3254167,1634572,left
24,c29fafed-77c0-429a-8bb0-24666c334544,L3,L60,4231567,1435267,left
24,b586397a-7e96-4acd-b606-73718eb41594,L31,L49,1274365,1235764,left
24,b586397a-7e96-4acd-b606-73718eb41594,L50,L76,1236457,3264517,left
24,b586397a-7e96-4acd-b606-73718eb41594,L13,L40,1254367,1534762,left
24,b586397a-7e96-4acd-b606-73718eb41594,L61,L69,1273564,4235167,left
24,b586397a-7e96-4acd-b606-73718eb41594,L42,L60,3254167,1435267,left
24,b586397a-7e96-4acd-b606-73718eb41594,L7,L72,1234765,1423567,left
24,b586397a-7e96-4acd-b606-73718eb41594,L78,L58,7534261,2734561,right
24,b586397a-7e96-4acd-b606-73718eb41594,L78,L54,7534261,1374562,left
24,b586397a-7e96-4acd-b606-73718eb41594,L16,L41,1264537,1437562,left
24,b586397a-7e96-4acd-b606-73718eb41594,L4,L41,1432567,1437562,left
24,b586397a-7e96-4acd-b606-73718eb41594,L8,L16,1235467,1264537,left
24,b586397a-7e96-4acd-b606-73718eb41594,L67,L29,1734526,1342567,left
24,b586397a-7e96-4acd-b606-73718eb41594,L74,L10,1234756,1236547,right
24,b586397a-7e96-4acd-b606-73718eb41594,L78,L31,7534261,1274365,right
24,b586397a-7e96-4acd-b606-73718eb41594,L60,L14,1435267,1534267,right
24,b586397a-7e96-4acd-b606-73718eb41594,L24,L12,1235647,2134567,left
24,b586397a-7e96-4acd-b606-73718eb41594,L18,L47,1634527,1724563,right
24,b586397a-7e96-4acd-b606-73718eb41594,L14,L72,1534267,1423567,left
24,b586397a-7e96-4acd-b606-73718eb41594,L42,L57,3254167,1634572,left
24,b586397a-7e96-4acd-b606-73718eb41594,L3,L60,4231567,1435267,right
23,1de1662e-fde1-4f3b-962f-40448f1b1703,L16,L74,1264537,1234756,left
23,1de1662e-fde1-4f3b-962f-40448f1b1703,L8,L81,1235467,1764523,left
23,1de1662e-fde1-4f3b-962f-40448f1b1703,L77,L44,7234165,4213567,right
23,1de1662e-fde1-4f3b-962f-40448f1b1703,L20,L12,6234517,2134567,left
23,1de1662e-fde1-4f3b-962f-40448f1b1703,L13,L39,1254367,1274536,right
23,1de1662e-fde1-4f3b-962f-40448f1b1703,L39,L68,1274536,6234157,left
23,1de1662e-fde1-4f3b-962f-40448f1b1703,L39,L4,1274536,1432567,left
23,1de1662e-fde1-4f3b-962f-40448f1b1703,L70,L1,4236517,1234567,right
23,1de1662e-fde1-4f3b-962f-40448f1b1703,L10,L54,1236547,1374562,left
23,1de1662e-fde1-4f3b-962f-40448f1b1703,L78,L44,7534261,4213567,right
23,1de1662e-fde1-4f3b-962f-40448f1b1703,L66,L6,2534167,1243567,right
23,1de1662e-fde1-4f3b-962f-40448f1b1703,L35,L17,5234617,1234576,right
23,1de1662e-fde1-4f3b-962f-40448f1b1703,L72,L80,1423567,5431267,left
23,1de1662e-fde1-4f3b-962f-40448f1b1703,L23,L5,1634257,1234657,right
23,1de1662e-fde1-4f3b-962f-40448f1b1703,L21,L11,1274563,1237564,left
23,1de1662e-fde1-4f3b-962f-40448f1b1703,L74,L31,1234756,1274365,right
23,1de1662e-fde1-4f3b-962f-40448f1b1703,L47,L27,1724563,1624537,right
23,1de1662e-fde1-4f3b-962f-40448f1b1703,L51,L25,7134562,7234516,right
23,1de1662e-fde1-4f3b-962f-40448f1b1703,L50,L44,1236457,4213567,right
23,1de1662e-fde1-4f3b-962f-40448f1b1703,L72,L27,1423567,1624537,right
23,9010ddd7-04fe-456a-af57-d939d1d1a58f,L16,L74,1264537,1234756,right
23,9010ddd7-04fe-456a-af57-d939d1d1a58f,L81,L8,1764523,1235467,right
23,9010ddd7-04fe-456a-af57-d939d1d1a58f,L44,L77,4213567,7234165,left
23,9010ddd7-04fe-456a-af57-d939d1d1a58f,L20,L12,6234517,2134567,left
23,9010ddd7-04fe-456a-af57-d939d1d1a58f,L13,L39,1254367,1274536,left
23,9010ddd7-04fe-456a-af57-d939d1d1a58f,L68,L39,6234157,1274536,right
23,9010ddd7-04fe-456a-af57-d939d1d1a58f,L39,L4,1274536,1432567,left
23,9010ddd7-04fe-456a-af57-d939d1d1a58f,L1,L70,1234567,4236517,left
23,9010ddd7-04fe-456a-af57-d939d1d1a58f,L54,L10,1374562,1236547,right
23,9010ddd7-04fe-456a-af57-d939d1d1a58f,L78,L44,7534261,4213567,right
23,9010ddd7-04fe-456a-af57-d939d1d1a58f,L66,L6,2534167,1243567,right
23,9010ddd7-04fe-456a-af57-d939d1d1a58f,L17,L35,1234576,5234617,left
23,9010ddd7-04fe-456a-af57-d939d1d1a58f,L80,L72,5431267,1423567,right
23,9010ddd7-04fe-456a-af57-d939d1d1a58f,L5,L23,1234657,1634257,left
23,9010ddd7-04fe-456a-af57-d939d1d1a58f,L21,L11,1274563,1237564,left
23,9010ddd7-04fe-456a-af57-d939d1d1a58f,L31,L74,1274365,1234756,left
23,9010ddd7-04fe-456a-af57-d939d1d1a58f,L27,L47,1624537,1724563,left
23,9010ddd7-04fe-456a-af57-d939d1d1a58f,L51,L25,7134562,7234516,left
23,9010ddd7-04fe-456a-af57-d939d1d1a58f,L50,L44,1236457,4213567,left
23,9010ddd7-04fe-456a-af57-d939d1d1a58f,L27,L72,1624537,1423567,left
22,dca1d040-49ca-4273-88e4-fd25bae942bd,L59,L75,3124567,1237546,right
22,dca1d040-49ca-4273-88e4-fd25bae942bd,L75,L64,1237546,1237465,left
22,dca1d040-49ca-4273-88e4-fd25bae942bd,L46,L47,1534627,1724563,right
22,dca1d040-49ca-4273-88e4-fd25bae942bd,L19,L9,3214567,1734562,left
22,dca1d040-49ca-4273-88e4-fd25bae942bd,L53,L70,1263547,4236517,left
22,dca1d040-49ca-4273-88e4-fd25bae942bd,L23,L46,1634257,1534627,right
22,dca1d040-49ca-4273-88e4-fd25bae942bd,L29,L68,1342567,6234157,right
22,dca1d040-49ca-4273-88e4-fd25bae942bd,L21,L42,1274563,3254167,left
22,dca1d040-49ca-4273-88e4-fd25bae942bd,L38,L40,6234571,1534762,left
22,dca1d040-49ca-4273-88e4-fd25bae942bd,L38,L25,6234571,7234516,right
22,dca1d040-49ca-4273-88e4-fd25bae942bd,L61,L46,1273564,1534627,left
22,dca1d040-49ca-4273-88e4-fd25bae942bd,L57,L14,1634572,1534267,right
22,dca1d040-49ca-4273-88e4-fd25bae942bd,L82,L47,1273546,1724563,left
22,dca1d040-49ca-4273-88e4-fd25bae942bd,L60,L7,1435267,1234765,right
22,dca1d040-49ca-4273-88e4-fd25bae942bd,L40,L1,1534762,1234567,right
22,dca1d040-49ca-4273-88e4-fd25bae942bd,L51,L81,7134562,1764523,left
22,dca1d040-49ca-4273-88e4-fd25bae942bd,L21,L32,1274563,1247563,left
22,dca1d040-49ca-4273-88e4-fd25bae942bd,L11,L10,1237564,1236547,left
22,dca1d040-49ca-4273-88e4-fd25bae942bd,L13,L5,1254367,1234657,right
22,dca1d040-49ca-4273-88e4-fd25bae942bd,L65,L78,1254763,7534261,right
21,a05b8785-8ab2-48fc-b52c-35255aedb5de,L81,L62,1764523,1253467,right
21,a05b8785-8ab2-48fc-b52c-35255aedb5de,L63,L51,1632547,7134562,right
21,a05b8785-8ab2-48fc-b52c-35255aedb5de,L31,L1,1274365,1234567,right
21,a05b8785-8ab2-48fc-b52c-35255aedb5de,L56,L68,4237561,6234157,right
21,a05b8785-8ab2-48fc-b52c-35255aedb5de,L67,L53,1734526,1263547,right
21,a05b8785-8ab2-48fc-b52c-35255aedb5de,L59,L73,3124567,1354267,left
21,a05b8785-8ab2-48fc-b52c-35255aedb5de,L22,L65,7234561,1254763,right
21,a05b8785-8ab2-48fc-b52c-35255aedb5de,L33,L44,1532467,4213567,right
21,a05b8785-8ab2-48fc-b52c-35255aedb5de,L48,L79,1436527,2341567,right
21,a05b8785-8ab2-48fc-b52c-35255aedb5de,L60,L31,1435267,1274365,right
21,a05b8785-8ab2-48fc-b52c-35255aedb5de,L78,L71,7534261,1246537,right
21,a05b8785-8ab2-48fc-b52c-35255aedb5de,L69,L45,4235167,1524367,right
21,a05b8785-8ab2-48fc-b52c-35255aedb5de,L54,L60,1374562,1435267,left
21,a05b8785-8ab2-48fc-b52c-35255aedb5de,L42,L47,3254167,1724563,right
21,a05b8785-8ab2-48fc-b52c-35255aedb5de,L53,L62,1263547,1253467,left
21,a05b8785-8ab2-48fc-b52c-35255aedb5de,L45,L66,1524367,2534167,right
21,a05b8785-8ab2-48fc-b52c-35255aedb5de,L6,L41,1243567,1437562,left
21,a05b8785-8ab2-48fc-b52c-35255aedb5de,L33,L41,1532467,1437562,left
21,a05b8785-8ab2-48fc-b52c-35255aedb5de,L56,L61,4237561,1273564,right
21,a05b8785-8ab2-48fc-b52c-35255aedb5de,L67,L19,1734526,3214567,right
20,1cb4cdd4-d042-4773-bc0b-81f4f4d7f60c,L17,L23,1234576,1634257,left
20,1cb4cdd4-d042-4773-bc0b-81f4f4d7f60c,L2,L1,1324567,1234567,right
20,1cb4cdd4-d042-4773-bc0b-81f4f4d7f60c,L57,L26,1634572,1264573,right
20,1cb4cdd4-d042-4773-bc0b-81f4f4d7f60c,L78,L59,7534261,3124567,right
20,1cb4cdd4-d042-4773-bc0b-81f4f4d7f60c,L76,L27,3264517,1624537,right
20,1cb4cdd4-d042-4773-bc0b-81f4f4d7f60c,L31,L37,1274365,2431567,left
20,1cb4cdd4-d042-4773-bc0b-81f4f4d7f60c,L13,L76,1254367,3264517,left
20,1cb4cdd4-d042-4773-bc0b-81f4f4d7f60c,L6,L11,1243567,1237564,left
20,1cb4cdd4-d042-4773-bc0b-81f4f4d7f60c,L79,L51,2341567,7134562,right
20,1cb4cdd4-d042-4773-bc0b-81f4f4d7f60c,L73,L47,1354267,1724563,right
20,1cb4cdd4-d042-4773-bc0b-81f4f4d7f60c,L30,L11,3274561,1237564,right
20,1cb4cdd4-d042-4773-bc0b-81f4f4d7f60c,L12,L16,2134567,1264537,right
20,1cb4cdd4-d042-4773-bc0b-81f4f4d7f60c,L8,L65,1235467,1254763,left
20,1cb4cdd4-d042-4773-bc0b-81f4f4d7f60c,L42,L58,3254167,2734561,left
20,1cb4cdd4-d042-4773-bc0b-81f4f4d7f60c,L75,L34,1237546,4132567,left
20,1cb4cdd4-d042-4773-bc0b-81f4f4d7f60c,L36,L64,2314567,1237465,right
20,1cb4cdd4-d042-4773-bc0b-81f4f4d7f60c,L56,L77,4237561,7234165,left
20,1cb4cdd4-d042-4773-bc0b-81f4f4d7f60c,L72,L19,1423567,3214567,right
20,1cb4cdd4-d042-4773-bc0b-81f4f4d7f60c,L68,L28,6234157,5234761,left
20,1cb4cdd4-d042-4773-bc0b-81f4f4d7f60c,L6,L55,1243567,6231547,left
20,7c16b642-472b-4e94-aee9-e7d05d669a6a,L23,L17,1634257,1234576,right
20,7c16b642-472b-4e94-aee9-e7d05d669a6a,L2,L1,1324567,1234567,right
20,7c16b642-472b-4e94-aee9-e7d05d669a6a,L26,L57,1264573,1634572,left
20,7c16b642-472b-4e94-aee9-e7d05d669a6a,L59,L78,3124567,7534261,left
20,7c16b642-472b-4e94-aee9-e7d05d669a6a,L76,L27,3264517,1624537,left
20,7c16b642-472b-4e94-aee9-e7d05d669a6a,L37,L31,2431567,1274365,right
20,7c16b642-472b-4e94-aee9-e7d05d669a6a,L76,L13,3264517,1254367,right
20,7c16b642-472b-4e94-aee9-e7d05d669a6a,L11,L6,1237564,1243567,right
20,7c16b642-472b-4e94-aee9-e7d05d669a6a,L79,L51,2341567,7134562,left
20,7c16b642-472b-4e94-aee9-e7d05d669a6a,L73,L47,1354267,1724563,right
20,7c16b642-472b-4e94-aee9-e7d05d669a6a,L30,L11,3274561,1237564,right
20,7c16b642-472b-4e94-aee9-e7d05d669a6a,L12,L16,2134567,1264537,right
20,7c16b642-472b-4e94-aee9-e7d05d669a6a,L65,L8,1254763,1235467,right
20,7c16b642-472b-4e94-aee9-e7d05d669a6a,L42,L58,3254167,2734561,left
20,7c16b642-472b-4e94-aee9-e7d05d669a6a,L34,L75,4132567,1237546,right
20,7c16b642-472b-4e94-aee9-e7d05d669a6a,L64,L36,1237465,2314567,left
20,7c16b642-472b-4e94-aee9-e7d05d669a6a,L77,L56,7234165,4237561,left
20,7c16b642-472b-4e94-aee9-e7d05d669a6a,L72,L19,1423567,3214567,right
20,7c16b642-472b-4e94-aee9-e7d05d669a6a,L28,L68,5234761,6234157,right
20,7c16b642-472b-4e94-aee9-e7d05d669a6a,L55,L6,6231547,1243567,right
19,953e58da-15e9-4be4-b709-a50e3098bbbf,L43,L64,5231467,1237465,right
19,953e58da-15e9-4be4-b709-a50e3098bbbf,L9,L82,1734562,1273546,right
19,953e58da-15e9-4be4-b709-a50e3098bbbf,L45,L13,1524367,1254367,right
19,953e58da-15e9-4be4-b709-a50e3098bbbf,L63,L40,1632547,1534762,left
19,953e58da-15e9-4be4-b709-a50e3098bbbf,L36,L20,2314567,6234517,right
19,953e58da-15e9-4be4-b709-a50e3098bbbf,L14,L18,1534267,1634527,left
19,953e58da-15e9-4be4-b709-a50e3098bbbf,L27,L16,1624537,1264537,right
19,953e58da-15e9-4be4-b709-a50e3098bbbf,L73,L7,1354267,1234765,right
19,953e58da-15e9-4be4-b709-a50e3098bbbf,L69,L79,4235167,2341567,right
19,953e58da-15e9-4be4-b709-a50e3098bbbf,L22,L33,7234561,1532467,left
19,953e58da-15e9-4be4-b709-a50e3098bbbf,L34,L15,4132567,5234167,left
19,953e58da-15e9-4be4-b709-a50e3098bbbf,L35,L57,5234617,1634572,right
19,953e58da-15e9-4be4-b709-a50e3098bbbf,L8,L28,1235467,5234761,left
19,953e58da-15e9-4be4-b709-a50e3098bbbf,L61,L11,1273564,1237564,left
19,953e58da-15e9-4be4-b709-a50e3098bbbf,L80,L13,5431267,1254367,right
19,953e58da-15e9-4be4-b709-a50e3098bbbf,L23,L28,1634257,5234761,right
19,953e58da-15e9-4be4-b709-a50e3098bbbf,L28,L73,5234761,1354267,left
19,953e58da-15e9-4be4-b709-a50e3098bbbf,L73,L76,1354267,3264517,right
19,953e58da-15e9-4be4-b709-a50e3098bbbf,L66,L56,2534167,4237561,left
19,953e58da-15e9-4be4-b709-a50e3098bbbf,L61,L27,1273564,1624537,left
19,281baf88-e5b5-4d02-af9a-e88a036bae85,L64,L43,1237465,5231467,left
19,281baf88-e5b5-4d02-af9a-e88a036bae85,L9,L82,1734562,1273546,right
19,281baf88-e5b5-4d02-af9a-e88a036bae85,L45,L13,1524367,1254367,right
19,281baf88-e5b5-4d02-af9a-e88a036bae85,L40,L63,1534762,1632547,left
19,281baf88-e5b5-4d02-af9a-e88a036bae85,L20,L36,6234517,2314567,left
19,281baf88-e5b5-4d02-af9a-e88a036bae85,L18,L14,1634527,1534267,right
19,281baf88-e5b5-4d02-af9a-e88a036bae85,L16,L27,1264537,1624537,left
19,281baf88-e5b5-4d02-af9a-e88a036bae85,L73,L7,1354267,1234765,right
19,281baf88-e5b5-4d02-af9a-e88a036bae85,L79,L69,2341567,4235167,left
19,281baf88-e5b5-4d02-af9a-e88a036bae85,L22,L33,7234561,1532467,left
19,281baf88-e5b5-4d02-af9a-e88a036bae85,L34,L15,4132567,5234167,left
19,281baf88-e5b5-4d02-af9a-e88a036bae85,L57,L35,1634572,5234617,left
19,281baf88-e5b5-4d02-af9a-e88a036bae85,L8,L28,1235467,5234761,left
19,281baf88-e5b5-4d02-af9a-e88a036bae85,L61,L11,1273564,1237564,right
19,281baf88-e5b5-4d02-af9a-e88a036bae85,L13,L80,1254367,5431267,left
19,281baf88-e5b5-4d02-af9a-e88a036bae85,L28,L23,5234761,1634257,left
19,281baf88-e5b5-4d02-af9a-e88a036bae85,L73,L28,1354267,5234761,left
19,281baf88-e5b5-4d02-af9a-e88a036bae85,L73,L76,1354267,3264517,left
19,281baf88-e5b5-4d02-af9a-e88a036bae85,L56,L66,4237561,2534167,left
19,281baf88-e5b5-4d02-af9a-e88a036bae85,L27,L61,1624537,1273564,right
18,d7eef323-8a70-4c0b-b937-5ea656e3bb93,L29,L2,1342567,1324567,right
18,d7eef323-8a70-4c0b-b937-5ea656e3bb93,L53,L76,1263547,3264517,left
18,d7eef323-8a70-4c0b-b937-5ea656e3bb93,L60,L69,1435267,4235167,right
18,d7eef323-8a70-4c0b-b937-5ea656e3bb93,L3,L82,4231567,1273546,right
18,d7eef323-8a70-4c0b-b937-5ea656e3bb93,L30,L12,3274561,2134567,left
18,d7eef323-8a70-4c0b-b937-5ea656e3bb93,L16,L73,1264537,1354267,left
18,d7eef323-8a70-4c0b-b937-5ea656e3bb93,L55,L68,6231547,6234157,left
18,d7eef323-8a70-4c0b-b937-5ea656e3bb93,L48,L14,1436527,1534267,right
18,d7eef323-8a70-4c0b-b937-5ea656e3bb93,L18,L59,1634527,3124567,right
18,d7eef323-8a70-4c0b-b937-5ea656e3bb93,L28,L64,5234761,1237465,right
18,d7eef323-8a70-4c0b-b937-5ea656e3bb93,L26,L33,1264573,1532467,left
18,d7eef323-8a70-4c0b-b937-5ea656e3bb93,L49,L4,1235764,1432567,left
18,d7eef323-8a70-4c0b-b937-5ea656e3bb93,L43,L56,5231467,4237561,right
18,d7eef323-8a70-4c0b-b937-5ea656e3bb93,L46,L22,1534627,7234561,right
18,d7eef323-8a70-4c0b-b937-5ea656e3bb93,L34,L2,4132567,1324567,right
18,d7eef323-8a70-4c0b-b937-5ea656e3bb93,L10,L5,1236547,1234657,left
18,d7eef323-8a70-4c0b-b937-5ea656e3bb93,L78,L66,7534261,2534167,right
18,d7eef323-8a70-4c0b-b937-5ea656e3bb93,L17,L27,1234576,1624537,left
18,d7eef323-8a70-4c0b-b937-5ea656e3bb93,L69,L41,4235167,1437562,left
18,d7eef323-8a70-4c0b-b937-5ea656e3bb93,L55,L19,6231547,3214567,right
17,bcf6f655-5505-4b39-8aa5-94d3f69abc3e,L75,L32,1237546,1247563,right
17,bcf6f655-5505-4b39-8aa5-94d3f69abc3e,L79,L42,2341567,3254167,left
17,bcf6f655-5505-4b39-8aa5-94d3f69abc3e,L70,L33,4236517,1532467,right
17,bcf6f655-5505-4b39-8aa5-94d3f69abc3e,L25,L7,7234516,1234765,right
17,bcf6f655-5505-4b39-8aa5-94d3f69abc3e,L21,L40,1274563,1534762,left
17,bcf6f655-5505-4b39-8aa5-94d3f69abc3e,L80,L1,5431267,1234567,right
17,bcf6f655-5505-4b39-8aa5-94d3f69abc3e,L57,L27,1634572,1624537,left
17,bcf6f655-5505-4b39-8aa5-94d3f69abc3e,L38,L4,6234571,1432567,right
17,bcf6f655-5505-4b39-8aa5-94d3f69abc3e,L38,L22,6234571,7234561,right
17,bcf6f655-5505-4b39-8aa5-94d3f69abc3e,L71,L12,1246537,2134567,left
17,bcf6f655-5505-4b39-8aa5-94d3f69abc3e,L11,L9,1237564,1734562,left
17,bcf6f655-5505-4b39-8aa5-94d3f69abc3e,L47,L50,1724563,1236457,right
17,bcf6f655-5505-4b39-8aa5-94d3f69abc3e,L59,L69,3124567,4235167,left
17,bcf6f655-5505-4b39-8aa5-94d3f69abc3e,L22,L77,7234561,7234165,left
17,bcf6f655-5505-4b39-8aa5-94d3f69abc3e,L35,L74,5234617,1234756,right
17,bcf6f655-5505-4b39-8aa5-94d3f69abc3e,L65,L50,1254763,1236457,left
17,bcf6f655-5505-4b39-8aa5-94d3f69abc3e,L13,L61,1254367,1273564,right
17,bcf6f655-5505-4b39-8aa5-94d3f69abc3e,L25,L74,7234516,1234756,right
17,bcf6f655-5505-4b39-8aa5-94d3f69abc3e,L45,L9,1524367,1734562,right
17,bcf6f655-5505-4b39-8aa5-94d3f69abc3e,L55,L61,6231547,1273564,right
16,adc4e16b-1013-414d-aa2c-2b3c22fde49d,L74,L76,1234756,3264517,left
16,adc4e16b-1013-414d-aa2c-2b3c22fde49d,L19,L47,3214567,1724563,left
16,adc4e16b-1013-414d-aa2c-2b3c22fde49d,L18,L79,1634527,2341567,right
16,adc4e16b-1013-414d-aa2c-2b3c22fde49d,L66,L81,2534167,1764523,right
16,adc4e16b-1013-414d-aa2c-2b3c22fde49d,L36,L44,2314567,4213567,left
16,adc4e16b-1013-414d-aa2c-2b3c22fde49d,L65,L39,1254763,1274536,right
16,adc4e16b-1013-414d-aa2c-2b3c22fde49d,L6,L43,1243567,5231467,left
16,adc4e16b-1013-414d-aa2c-2b3c22fde49d,L9,L4,1734562,1432567,left
16,adc4e16b-1013-414d-aa2c-2b3c22fde49d,L28,L82,5234761,1273546,right
16,adc4e16b-1013-414d-aa2c-2b3c22fde49d,L69,L36,4235167,2314567,right
16,adc4e16b-1013-414d-aa2c-2b3c22fde49d,L56,L18,4237561,1634527,left
16,adc4e16b-1013-414d-aa2c-2b3c22fde49d,L44,L23,4213567,1634257,left
16,adc4e16b-1013-414d-aa2c-2b3c22fde49d,L10,L45,1236547,1524367,left
16,adc4e16b-1013-414d-aa2c-2b3c22fde49d,L73,L57,1354267,1634572,right
16,adc4e16b-1013-414d-aa2c-2b3c22fde49d,L35,L37,5234617,2431567,left
16,adc4e16b-1013-414d-aa2c-2b3c22fde49d,L75,L16,1237546,1264537,right
16,adc4e16b-1013-414d-aa2c-2b3c22fde49d,L17,L1,1234576,1234567,right
16,adc4e16b-1013-414d-aa2c-2b3c22fde49d,L75,L51,1237546,7134562,left
16,adc4e16b-1013-414d-aa2c-2b3c22fde49d,L49,L25,1235764,7234516,left
16,adc4e16b-1013-414d-aa2c-2b3c22fde49d,L28,L61,5234761,1273564,right
16,e94bef35-1117-498b-8410-a3dbbb67e20f,L76,L74,3264517,1234756,right
16,e94bef35-1117-498b-8410-a3dbbb67e20f,L19,L47,3214567,1724563,left
16,e94bef35-1117-498b-8410-a3dbbb67e20f,L79,L18,2341567,1634527,right
16,e94bef35-1117-498b-8410-a3dbbb67e20f,L66,L81,2534167,1764523,left
16,e94bef35-1117-498b-8410-a3dbbb67e20f,L36,L44,2314567,4213567,left
16,e94bef35-1117-498b-8410-a3dbbb67e20f,L65,L39,1254763,1274536,right
16,e94bef35-1117-498b-8410-a3dbbb67e20f,L43,L6,5231467,1243567,right
16,e94bef35-1117-498b-8410-a3dbbb67e20f,L9,L4,1734562,1432567,right
16,e94bef35-1117-498b-8410-a3dbbb67e20f,L28,L82,5234761,1273546,right
16,e94bef35-1117-498b-8410-a3dbbb67e20f,L69,L36,4235167,2314567,left
16,e94bef35-1117-498b-8410-a3dbbb67e20f,L56,L18,4237561,1634527,right
16,e94bef35-1117-498b-8410-a3dbbb67e20f,L44,L23,4213567,1634257,right
16,e94bef35-1117-498b-8410-a3dbbb67e20f,L10,L45,1236547,1524367,left
16,e94bef35-1117-498b-8410-a3dbbb67e20f,L57,L73,1634572,1354267,left
16,e94bef35-1117-498b-8410-a3dbbb67e20f,L35,L37,5234617,2431567,right
16,e94bef35-1117-498b-8410-a3dbbb67e20f,L16,L75,1264537,1237546,right
16,e94bef35-1117-498b-8410-a3dbbb67e20f,L1,L17,1234567,1234576,left
16,e94bef35-1117-498b-8410-a3dbbb67e20f,L75,L51,1237546,7134562,left
16,e94bef35-1117-498b-8410-a3dbbb67e20f,L25,L49,7234516,1235764,right
16,e94bef35-1117-498b-8410-a3dbbb67e20f,L61,L28,1273564,5234761,left
15,61c12c32-96c6-4856-b80c-23ac95d7c9a0,L43,L57,5231467,1634572,left
15,61c12c32-96c6-4856-b80c-23ac95d7c9a0,L68,L14,6234157,1534267,right
15,61c12c32-96c6-4856-b80c-23ac95d7c9a0,L58,L74,2734561,1234756,right
15,61c12c32-96c6-4856-b80c-23ac95d7c9a0,L22,L12,7234561,2134567,left
15,61c12c32-96c6-4856-b80c-23ac95d7c9a0,L76,L60,3264517,1435267,left
15,61c12c32-96c6-4856-b80c-23ac95d7c9a0,L77,L14,7234165,1534267,right
15,61c12c32-96c6-4856-b80c-23ac95d7c9a0,L46,L64,1534627,1237465,right
15,61c12c32-96c6-4856-b80c-23ac95d7c9a0,L15,L30,5234167,3274561,right
15,61c12c32-96c6-4856-b80c-23ac95d7c9a0,L17,L53,1234576,1263547,left
15,61c12c32-96c6-4856-b80c-23ac95d7c9a0,L16,L44,1264537,4213567,left
15,61c12c32-96c6-4856-b80c-23ac95d7c9a0,L29,L49,1342567,1235764,right
15,61c12c32-96c6-4856-b80c-23ac95d7c9a0,L69,L24,4235167,1235647,right
15,61c12c32-96c6-4856-b80c-23ac95d7c9a0,L76,L23,3264517,1634257,left
15,61c12c32-96c6-4856-b80c-23ac95d7c9a0,L80,L38,5431267,6234571,right
15,61c12c32-96c6-4856-b80c-23ac95d7c9a0,L51,L43,7134562,5231467,left
15,61c12c32-96c6-4856-b80c-23ac95d7c9a0,L31,L33,1274365,1532467,left
15,61c12c32-96c6-4856-b80c-23ac95d7c9a0,L22,L15,7234561,5234167,left
15,61c12c32-96c6-4856-b80c-23ac95d7c9a0,L31,L51,1274365,7134562,left
15,61c12c32-96c6-4856-b80c-23ac95d7c9a0,L48,L67,1436527,1734526,right
15,61c12c32-96c6-4856-b80c-23ac95d7c9a0,L55,L64,6231547,1237465,right
14,fc6028e1-c072-4218-809c-7eee8a986f6c,L40,L54,1534762,1374562,right
14,fc6028e1-c072-4218-809c-7eee8a986f6c,L33,L28,1532467,5234761,right
14,fc6028e1-c072-4218-809c-7eee8a986f6c,L26,L39,1264573,1274536,right
14,fc6028e1-c072-4218-809c-7eee8a986f6c,L48,L45,1436527,1524367,right
14,fc6028e1-c072-4218-809c-7eee8a986f6c,L18,L12,1634527,2134567,right
14,fc6028e1-c072-4218-809c-7eee8a986f6c,L46,L31,1534627,1274365,right
14,fc6028e1-c072-4218-809c-7eee8a986f6c,L76,L75,3264517,1237546,right
14,fc6028e1-c072-4218-809c-7eee8a986f6c,L33,L75,1532467,1237546,right
14,fc6028e1-c072-4218-809c-7eee8a986f6c,L67,L27,1734526,1624537,right
14,fc6028e1-c072-4218-809c-7eee8a986f6c,L71,L39,1246537,1274536,right
14,fc6028e1-c072-4218-809c-7eee8a986f6c,L15,L25,5234167,7234516,left
14,fc6028e1-c072-4218-809c-7eee8a986f6c,L34,L6,4132567,1243567,right
14,fc6028e1-c072-4218-809c-7eee8a986f6c,L54,L25,1374562,7234516,right
14,fc6028e1-c072-4218-809c-7eee8a986f6c,L70,L46,4236517,1534627,left
14,fc6028e1-c072-4218-809c-7eee8a986f6c,L62,L24,1253467,1235647,left
14,fc6028e1-c072-4218-809c-7eee8a986f6c,L5,L34,1234657,4132567,left
14,fc6028e1-c072-4218-809c-7eee8a986f6c,L51,L58,7134562,2734561,right
14,fc6028e1-c072-4218-809c-7eee8a986f6c,L78,L48,7534261,1436527,right
14,fc6028e1-c072-4218-809c-7eee8a986f6c,L24,L39,1235647,1274536,right
14,fc6028e1-c072-4218-809c-7eee8a986f6c,L73,L6,1354267,1243567,right
13,989f4ed3-e99a-4dcc-879f-54acc04d209a,L53,L56,1263547,4237561,left
13,989f4ed3-e99a-4dcc-879f-54acc04d209a,L81,L42,1764523,3254167,right
13,989f4ed3-e99a-4dcc-879f-54acc04d209a,L62,L6,1253467,1243567,right
13,989f4ed3-e99a-4dcc-879f-54acc04d209a,L7,L13,1234765,1254367,right
13,989f4ed3-e99a-4dcc-879f-54acc04d209a,L82,L65,1273546,1254763,left
13,989f4ed3-e99a-4dcc-879f-54acc04d209a,L57,L8,1634572,1235467,right
13,989f4ed3-e99a-4dcc-879f-54acc04d209a,L40,L52,1534762,1254637,right
13,989f4ed3-e99a-4dcc-879f-54acc04d209a,L52,L68,1254637,6234157,left
13,989f4ed3-e99a-4dcc-879f-54acc04d209a,L80,L64,5431267,1237465,right
13,989f4ed3-e99a-4dcc-879f-54acc04d209a,L68,L76,6234157,3264517,left
13,989f4ed3-e99a-4dcc-879f-54acc04d209a,L54,L41,1374562,1437562,left
13,989f4ed3-e99a-4dcc-879f-54acc04d209a,L35,L75,5234617,1237546,right
13,989f4ed3-e99a-4dcc-879f-54acc04d209a,L20,L34,6234517,4132567,left
13,989f4ed3-e99a-4dcc-879f-54acc04d209a,L47,L77,1724563,7234165,left
13,989f4ed3-e99a-4dcc-879f-54acc04d209a,L76,L12,3264517,2134567,right
13,989f4ed3-e99a-4dcc-879f-54acc04d209a,L54,L75,1374562,1237546,right
13,989f4ed3-e99a-4dcc-879f-54acc04d209a,L33,L56,1532467,4237561,right
13,989f4ed3-e99a-4dcc-879f-54acc04d209a,L65,L43,1254763,5231467,left
13,989f4ed3-e99a-4dcc-879f-54acc04d209a,L23,L41,1634257,1437562,right
13,989f4ed3-e99a-4dcc-879f-54acc04d209a,L25,L5,7234516,1234657,right
12,78737da4-14c0-4f0a-bc07-49c1b18462cc,L66,L67,2534167,1734526,left
12,78737da4-14c0-4f0a-bc07-49c1b18462cc,L39,L54,1274536,1374562,left
12,78737da4-14c0-4f0a-bc07-49c1b18462cc,L50,L20,1236457,6234517,left
12,78737da4-14c0-4f0a-bc07-49c1b18462cc,L29,L46,1342567,1534627,left
12,78737da4-14c0-4f0a-bc07-49c1b18462cc,L21,L5,1274563,1234657,left
12,78737da4-14c0-4f0a-bc07-49c1b18462cc,L65,L61,1254763,1273564,right
12,78737da4-14c0-4f0a-bc07-49c1b18462cc,L76,L11,3264517,1237564,right
12,78737da4-14c0-4f0a-bc07-49c1b18462cc,L37,L64,2431567,1237465,right
12,78737da4-14c0-4f0a-bc07-49c1b18462cc,L18,L38,1634527,6234571,right
12,78737da4-14c0-4f0a-bc07-49c1b18462cc,L39,L37,1274536,2431567,left
12,78737da4-14c0-4f0a-bc07-49c1b18462cc,L9,L43,1734562,5231467,left
12,78737da4-14c0-4f0a-bc07-49c1b18462cc,L37,L2,2431567,1324567,right
12,78737da4-14c0-4f0a-bc07-49c1b18462cc,L19,L59,3214567,3124567,left
12,78737da4-14c0-4f0a-bc07-49c1b18462cc,L42,L9,3254167,1734562,left
12,78737da4-14c0-4f0a-bc07-49c1b18462cc,L81,L5,1764523,1234657,right
12,78737da4-14c0-4f0a-bc07-49c1b18462cc,L82,L53,1273546,1263547,right
12,78737da4-14c0-4f0a-bc07-49c1b18462cc,L38,L34,6234571,4132567,left
12,78737da4-14c0-4f0a-bc07-49c1b18462cc,L34,L58,4132567,2734561,left
12,78737da4-14c0-4f0a-bc07-49c1b18462cc,L58,L56,2734561,4237561,right
12,78737da4-14c0-4f0a-bc07-49c1b18462cc,L28,L20,5234761,6234517,right
11,239584ba-6790-4666-b9ce-fc1537515fbe,L6,L18,1243567,1634527,left
11,239584ba-6790-4666-b9ce-fc1537515fbe,L17,L6,1234576,1243567,right
11,239584ba-6790-4666-b9ce-fc1537515fbe,L26,L77,1264573,7234165,left
11,239584ba-6790-4666-b9ce-fc1537515fbe,L35,L29,5234617,1342567,right
11,239584ba-6790-4666-b9ce-fc1537515fbe,L69,L40,4235167,1534762,right
11,239584ba-6790-4666-b9ce-fc1537515fbe,L62,L36,1253467,2314567,left
11,239584ba-6790-4666-b9ce-fc1537515fbe,L15,L68,5234167,6234157,right
11,239584ba-6790-4666-b9ce-fc1537515fbe,L3,L13,4231567,1254367,right
11,239584ba-6790-4666-b9ce-fc1537515fbe,L17,L21,1234576,1274563,right
11,239584ba-6790-4666-b9ce-fc1537515fbe,L70,L66,4236517,2534167,right
11,239584ba-6790-4666-b9ce-fc1537515fbe,L42,L80,3254167,5431267,left
11,239584ba-6790-4666-b9ce-fc1537515fbe,L35,L60,5234617,1435267,left
11,239584ba-6790-4666-b9ce-fc1537515fbe,L20,L53,6234517,1263547,right
11,239584ba-6790-4666-b9ce-fc1537515fbe,L31,L55,1274365,6231547,left
11,239584ba-6790-4666-b9ce-fc1537515fbe,L45,L77,1524367,7234165,left
11,239584ba-6790-4666-b9ce-fc1537515fbe,L66,L75,2534167,1237546,right
11,239584ba-6790-4666-b9ce-fc1537515fbe,L36,L73,2314567,1354267,left
11,239584ba-6790-4666-b9ce-fc1537515fbe,L48,L40,1436527,1534762,right
11,239584ba-6790-4666-b9ce-fc1537515fbe,L23,L18,1634257,1634527,right
11,239584ba-6790-4666-b9ce-fc1537515fbe,L58,L14,2734561,1534267,right
11,6dd60546-9b1b-4024-8f95-b2cf23024b42,L18,L6,1634527,1243567,right
11,6dd60546-9b1b-4024-8f95-b2cf23024b42,L6,L17,1243567,1234576,right
11,6dd60546-9b1b-4024-8f95-b2cf23024b42,L77,L26,7234165,1264573,right
11,6dd60546-9b1b-4024-8f95-b2cf23024b42,L29,L35,1342567,5234617,left
11,6dd60546-9b1b-4024-8f95-b2cf23024b42,L69,L40,4235167,1534762,left
11,6dd60546-9b1b-4024-8f95-b2cf23024b42,L36,L62,2314567,1253467,left
11,6dd60546-9b1b-4024-8f95-b2cf23024b42,L15,L68,5234167,6234157,right
11,6dd60546-9b1b-4024-8f95-b2cf23024b42,L3,L13,4231567,1254367,right
11,6dd60546-9b1b-4024-8f95-b2cf23024b42,L17,L21,1234576,1274563,left
11,6dd60546-9b1b-4024-8f95-b2cf23024b42,L70,L66,4236517,2534167,left
11,6dd60546-9b1b-4024-8f95-b2cf23024b42,L80,L42,5431267,3254167,right
11,6dd60546-9b1b-4024-8f95-b2cf23024b42,L35,L60,5234617,1435267,left
11,6dd60546-9b1b-4024-8f95-b2cf23024b42,L20,L53,6234517,1263547,left
11,6dd60546-9b1b-4024-8f95-b2cf23024b42,L55,L31,6231547,1274365,right
11,6dd60546-9b1b-4024-8f95-b2cf23024b42,L77,L45,7234165,1524367,left
11,6dd60546-9b1b-4024-8f95-b2cf23024b42,L75,L66,1237546,2534167,left
11,6dd60546-9b1b-4024-8f95-b2cf23024b42,L73,L36,1354267,2314567,left
11,6dd60546-9b1b-4024-8f95-b2cf23024b42,L40,L48,1534762,1436527,left
11,6dd60546-9b1b-4024-8f95-b2cf23024b42,L23,L18,1634257,1634527,right
11,6dd60546-9b1b-4024-8f95-b2cf23024b42,L14,L58,1534267,2734561,left
10,63aa215a-0c04-4acb-a9ff-57223953fb92,L82,L74,1273546,1234756,right
10,63aa215a-0c04-4acb-a9ff-57223953fb92,L16,L46,1264537,1534627,left
10,63aa215a-0c04-4acb-a9ff-57223953fb92,L55,L3,6231547,4231567,left
10,63aa215a-0c04-4acb-a9ff-57223953fb92,L44,L42,4213567,3254167,left
10,63aa215a-0c04-4acb-a9ff-57223953fb92,L39,L42,1274536,3254167,right
10,63aa215a-0c04-4acb-a9ff-57223953fb92,L21,L29,1274563,1342567,left
10,63aa215a-0c04-4acb-a9ff-57223953fb92,L60,L4,1435267,1432567,right
10,63aa215a-0c04-4acb-a9ff-57223953fb92,L40,L44,1534762,4213567,right
10,63aa215a-0c04-4acb-a9ff-57223953fb92,L77,L4,7234165,1432567,left
10,63aa215a-0c04-4acb-a9ff-57223953fb92,L24,L31,1235647,1274365,left
10,63aa215a-0c04-4acb-a9ff-57223953fb92,L11,L2,1237564,1324567,left
10,63aa215a-0c04-4acb-a9ff-57223953fb92,L67,L37,1734526,2431567,right
10,63aa215a-0c04-4acb-a9ff-57223953fb92,L16,L63,1264537,1632547,left
10,63aa215a-0c04-4acb-a9ff-57223953fb92,L53,L69,1263547,4235167,left
10,63aa215a-0c04-4acb-a9ff-57223953fb92,L67,L65,1734526,1254763,right
10,63aa215a-0c04-4acb-a9ff-57223953fb92,L44,L55,4213567,6231547,right
10,63aa215a-0c04-4acb-a9ff-57223953fb92,L82,L34,1273546,4132567,left
10,63aa215a-0c04-4acb-a9ff-57223953fb92,L7,L82,1234765,1273546,left
10,63aa215a-0c04-4acb-a9ff-57223953fb92,L66,L49,2534167,1235764,left
10,63aa215a-0c04-4acb-a9ff-57223953fb92,L37,L56,2431567,4237561,left
9,852735c9-5fe8-482e-a3eb-d563fa9bdf64,L17,L39,1234576,1274536,left
9,852735c9-5fe8-482e-a3eb-d563fa9bdf64,L63,L29,1632547,1342567,right
9,852735c9-5fe8-482e-a3eb-d563fa9bdf64,L26,L40,1264573,1534762,right
9,852735c9-5fe8-482e-a3eb-d563fa9bdf64,L62,L46,1253467,1534627,left
9,852735c9-5fe8-482e-a3eb-d563fa9bdf64,L2,L69,1324567,4235167,left
9,852735c9-5fe8-482e-a3eb-d563fa9bdf64,L2,L78,1324567,7534261,left
9,852735c9-5fe8-482e-a3eb-d563fa9bdf64,L16,L2,1264537,1324567,left
9,852735c9-5fe8-482e-a3eb-d563fa9bdf64,L24,L43,1235647,5231467,left
9,852735c9-5fe8-482e-a3eb-d563fa9bdf64,L11,L38,1237564,6234571,left
9,852735c9-5fe8-482e-a3eb-d563fa9bdf64,L71,L38,1246537,6234571,left
9,852735c9-5fe8-482e-a3eb-d563fa9bdf64,L70,L39,4236517,1274536,right
9,852735c9-5fe8-482e-a3eb-d563fa9bdf64,L7,L11,1234765,1237564,left
9,852735c9-5fe8-482e-a3eb-d563fa9bdf64,L26,L15,1264573,5234167,left
9,852735c9-5fe8-482e-a3eb-d563fa9bdf64,L73,L52,1354267,1254637,right
9,852735c9-5fe8-482e-a3eb-d563fa9bdf64,L36,L11,2314567,1237564,right
9,852735c9-5fe8-482e-a3eb-d563fa9bdf64,L50,L2,1236457,1324567,left
9,852735c9-5fe8-482e-a3eb-d563fa9bdf64,L68,L78,6234157,7534261,left
9,852735c9-5fe8-482e-a3eb-d563fa9bdf64,L33,L79,1532467,2341567,left
9,852735c9-5fe8-482e-a3eb-d563fa9bdf64,L67,L38,1734526,6234571,right
9,852735c9-5fe8-482e-a3eb-d563fa9bdf64,L56,L16,4237561,1264537,right
9,24ddb05f-28c0-440a-8114-2d86b2c2ee4c,L39,L17,1274536,1234576,left
9,24ddb05f-28c0-440a-8114-2d86b2c2ee4c,L29,L63,1342567,1632547,right
9,24ddb05f-28c0-440a-8114-2d86b2c2ee4c,L40,L26,1534762,1264573,right
9,24ddb05f-28c0-440a-8114-2d86b2c2ee4c,L46,L62,1534627,1253467,right
9,24ddb05f-28c0-440a-8114-2d86b2c2ee4c,L69,L2,4235167,1324567,right
9,24ddb05f-28c0-440a-8114-2d86b2c2ee4c,L78,L2,7534261,1324567,right
9,24ddb05f-28c0-440a-8114-2d86b2c2ee4c,L2,L16,1324567,1264537,right
9,24ddb05f-28c0-440a-8114-2d86b2c2ee4c,L43,L24,5231467,1235647,right
9,24ddb05f-28c0-440a-8114-2d86b2c2ee4c,L11,L38,1237564,6234571,left
9,24ddb05f-28c0-440a-8114-2d86b2c2ee4c,L71,L38,1246537,6234571,left
9,24ddb05f-28c0-440a-8114-2d86b2c2ee4c,L39,L70,1274536,4236517,left
9,24ddb05f-28c0-440a-8114-2d86b2c2ee4c,L11,L7,1237564,1234765,right
9,24ddb05f-28c0-440a-8114-2d86b2c2ee4c,L26,L15,1264573,5234167,left
9,24ddb05f-28c0-440a-8114-2d86b2c2ee4c,L73,L52,1354267,1254637,right
9,24ddb05f-28c0-440a-8114-2d86b2c2ee4c,L36,L11,2314567,1237564,right
9,24ddb05f-28c0-440a-8114-2d86b2c2ee4c,L50,L2,1236457,1324567,left
9,24ddb05f-28c0-440a-8114-2d86b2c2ee4c,L68,L78,6234157,7534261,left
9,24ddb05f-28c0-440a-8114-2d86b2c2ee4c,L79,L33,2341567,1532467,right
9,24ddb05f-28c0-440a-8114-2d86b2c2ee4c,L67,L38,1734526,6234571,right
9,24ddb05f-28c0-440a-8114-2d86b2c2ee4c,L56,L16,4237561,1264537,right
9,53d428d2-b164-4456-ab40-c004471116eb,L39,L17,1274536,1234576,left
9,53d428d2-b164-4456-ab40-c004471116eb,L29,L63,1342567,1632547,left
9,53d428d2-b164-4456-ab40-c004471116eb,L26,L40,1264573,1534762,left
9,53d428d2-b164-4456-ab40-c004471116eb,L46,L62,1534627,1253467,right
9,53d428d2-b164-4456-ab40-c004471116eb,L69,L2,4235167,1324567,left
9,53d428d2-b164-4456-ab40-c004471116eb,L2,L78,1324567,7534261,left
9,53d428d2-b164-4456-ab40-c004471116eb,L16,L2,1264537,1324567,left
9,53d428d2-b164-4456-ab40-c004471116eb,L24,L43,1235647,5231467,left
9,53d428d2-b164-4456-ab40-c004471116eb,L11,L38,1237564,6234571,left
9,53d428d2-b164-4456-ab40-c004471116eb,L38,L71,6234571,1246537,right
9,53d428d2-b164-4456-ab40-c004471116eb,L70,L39,4236517,1274536,right
9,53d428d2-b164-4456-ab40-c004471116eb,L11,L7,1237564,1234765,left
9,53d428d2-b164-4456-ab40-c004471116eb,L26,L15,1264573,5234167,left
9,53d428d2-b164-4456-ab40-c004471116eb,L73,L52,1354267,1254637,right
9,53d428d2-b164-4456-ab40-c004471116eb,L11,L36,1237564,2314567,left
9,53d428d2-b164-4456-ab40-c004471116eb,L50,L2,1236457,1324567,left
9,53d428d2-b164-4456-ab40-c004471116eb,L78,L68,7534261,6234157,left
9,53d428d2-b164-4456-ab40-c004471116eb,L79,L33,2341567,1532467,left
9,53d428d2-b164-4456-ab40-c004471116eb,L67,L38,1734526,6234571,right
9,53d428d2-b164-4456-ab40-c004471116eb,L16,L56,1264537,4237561,left
8,08e69cab-8269-4bed-b4a4-0cd4fe655b03,L36,L29,2314567,1342567,left
8,08e69cab-8269-4bed-b4a4-0cd4fe655b03,L70,L30,4236517,3274561,right
8,08e69cab-8269-4bed-b4a4-0cd4fe655b03,L3,L20,4231567,6234517,right
8,08e69cab-8269-4bed-b4a4-0cd4fe655b03,L46,L7,1534627,1234765,right
8,08e69cab-8269-4bed-b4a4-0cd4fe655b03,L28,L67,5234761,1734526,left
8,08e69cab-8269-4bed-b4a4-0cd4fe655b03,L24,L15,1235647,5234167,left
8,08e69cab-8269-4bed-b4a4-0cd4fe655b03,L25,L14,7234516,1534267,left
8,08e69cab-8269-4bed-b4a4-0cd4fe655b03,L50,L7,1236457,1234765,right
8,08e69cab-8269-4bed-b4a4-0cd4fe655b03,L34,L46,4132567,1534627,left
8,08e69cab-8269-4bed-b4a4-0cd4fe655b03,L44,L35,4213567,5234617,left
8,08e69cab-8269-4bed-b4a4-0cd4fe655b03,L73,L37,1354267,2431567,right
8,08e69cab-8269-4bed-b4a4-0cd4fe655b03,L61,L42,1273564,3254167,left
8,08e69cab-8269-4bed-b4a4-0cd4fe655b03,L49,L19,1235764,3214567,left
8,08e69cab-8269-4bed-b4a4-0cd4fe655b03,L51,L53,7134562,1263547,right
8,08e69cab-8269-4bed-b4a4-0cd4fe655b03,L43,L38,5231467,6234571,right
8,08e69cab-8269-4bed-b4a4-0cd4fe655b03,L21,L64,1274563,1237465,left
8,08e69cab-8269-4bed-b4a4-0cd4fe655b03,L48,L35,1436527,5234617,right
8,08e69cab-8269-4bed-b4a4-0cd4fe655b03,L13,L18,1254367,1634527,left
8,08e69cab-8269-4bed-b4a4-0cd4fe655b03,L26,L64,1264573,1237465,left
8,08e69cab-8269-4bed-b4a4-0cd4fe655b03,L57,L20,1634572,6234517,right
7,8a6b44e0-f3dc-4c5f-9c17-7b85cf229a87,L55,L25,6231547,7234516,right
7,8a6b44e0-f3dc-4c5f-9c17-7b85cf229a87,L50,L38,1236457,6234571,left
7,8a6b44e0-f3dc-4c5f-9c17-7b85cf229a87,L24,L27,1235647,1624537,left
7,8a6b44e0-f3dc-4c5f-9c17-7b85cf229a87,L59,L3,3124567,4231567,left
7,8a6b44e0-f3dc-4c5f-9c17-7b85cf229a87,L69,L32,4235167,1247563,right
7,8a6b44e0-f3dc-4c5f-9c17-7b85cf229a87,L71,L57,1246537,1634572,left
7,8a6b44e0-f3dc-4c5f-9c17-7b85cf229a87,L63,L55,1632547,6231547,right
7,8a6b44e0-f3dc-4c5f-9c17-7b85cf229a87,L52,L71,1254637,1246537,right
7,8a6b44e0-f3dc-4c5f-9c17-7b85cf229a87,L14,L1,1534267,1234567,right
7,8a6b44e0-f3dc-4c5f-9c17-7b85cf229a87,L19,L56,3214567,4237561,left
7,8a6b44e0-f3dc-4c5f-9c17-7b85cf229a87,L3,L37,4231567,2431567,left
7,8a6b44e0-f3dc-4c5f-9c17-7b85cf229a87,L12,L40,2134567,1534762,left
7,8a6b44e0-f3dc-4c5f-9c17-7b85cf229a87,L37,L8,2431567,1235467,left
7,8a6b44e0-f3dc-4c5f-9c17-7b85cf229a87,L67,L1,1734526,1234567,right
7,8a6b44e0-f3dc-4c5f-9c17-7b85cf229a87,L28,L40,5234761,1534762,left
7,8a6b44e0-f3dc-4c5f-9c17-7b85cf229a87,L6,L29,1243567,1342567,left
7,8a6b44e0-f3dc-4c5f-9c17-7b85cf229a87,L67,L74,1734526,1234756,right
7,8a6b44e0-f3dc-4c5f-9c17-7b85cf229a87,L61,L12,1273564,2134567,left
7,8a6b44e0-f3dc-4c5f-9c17-7b85cf229a87,L74,L6,1234756,1243567,right
7,8a6b44e0-f3dc-4c5f-9c17-7b85cf229a87,L17,L7,1234576,1234765,left
6,a47a987d-c9e6-44e7-8c2f-f1580b03fc71,L1,L47,1234567,1724563,left
6,a47a987d-c9e6-44e7-8c2f-f1580b03fc71,L11,L8,1237564,1235467,left
6,a47a987d-c9e6-44e7-8c2f-f1580b03fc71,L72,L37,1423567,2431567,right
6,a47a987d-c9e6-44e7-8c2f-f1580b03fc71,L62,L37,1253467,2431567,left
6,a47a987d-c9e6-44e7-8c2f-f1580b03fc71,L78,L64,7534261,1237465,right
6,a47a987d-c9e6-44e7-8c2f-f1580b03fc71,L54,L47,1374562,1724563,right
6,a47a987d-c9e6-44e7-8c2f-f1580b03fc71,L12,L45,2134567,1524367,right
6,a47a987d-c9e6-44e7-8c2f-f1580b03fc71,L57,L13,1634572,1254367,right
6,a47a987d-c9e6-44e7-8c2f-f1580b03fc71,L67,L5,1734526,1234657,right
6,a47a987d-c9e6-44e7-8c2f-f1580b03fc71,L74,L77,1234756,7234165,left
6,a47a987d-c9e6-44e7-8c2f-f1580b03fc71,L79,L4,2341567,1432567,right
6,a47a987d-c9e6-44e7-8c2f-f1580b03fc71,L41,L21,1437562,1274563,right
6,a47a987d-c9e6-44e7-8c2f-f1580b03fc71,L77,L30,7234165,3274561,right
6,a47a987d-c9e6-44e7-8c2f-f1580b03fc71,L15,L41,5234167,1437562,right
6,a47a987d-c9e6-44e7-8c2f-f1580b03fc71,L38,L35,6234571,5234617,left
6,a47a987d-c9e6-44e7-8c2f-f1580b03fc71,L1,L36,1234567,2314567,left
6,a47a987d-c9e6-44e7-8c2f-f1580b03fc71,L81,L77,1764523,7234165,right
6,a47a987d-c9e6-44e7-8c2f-f1580b03fc71,L60,L28,1435267,5234761,left
6,a47a987d-c9e6-44e7-8c2f-f1580b03fc71,L13,L62,1254367,1253467,left
6,a47a987d-c9e6-44e7-8c2f-f1580b03fc71,L76,L49,3264517,1235764,left
6,43aadc01-0a25-4a46-8019-a301de817213,L47,L1,1724563,1234567,right
6,43aadc01-0a25-4a46-8019-a301de817213,L11,L8,1237564,1235467,right
6,43aadc01-0a25-4a46-8019-a301de817213,L72,L37,1423567,2431567,right
6,43aadc01-0a25-4a46-8019-a301de817213,L37,L62,2431567,1253467,right
6,43aadc01-0a25-4a46-8019-a301de817213,L64,L78,1237465,7534261,left
6,43aadc01-0a25-4a46-8019-a301de817213,L54,L47,1374562,1724563,left
6,43aadc01-0a25-4a46-8019-a301de817213,L12,L45,2134567,1524367,right
6,43aadc01-0a25-4a46-8019-a301de817213,L13,L57,1254367,1634572,left
6,43aadc01-0a25-4a46-8019-a301de817213,L5,L67,1234657,1734526,left
6,43aadc01-0a25-4a46-8019-a301de817213,L77,L74,7234165,1234756,right
6,43aadc01-0a25-4a46-8019-a301de817213,L79,L4,2341567,1432567,right
6,43aadc01-0a25-4a46-8019-a301de817213,L21,L41,1274563,1437562,left
6,43aadc01-0a25-4a46-8019-a301de817213,L30,L77,3274561,7234165,left
6,43aadc01-0a25-4a46-8019-a301de817213,L15,L41,5234167,1437562,right
6,43aadc01-0a25-4a46-8019-a301de817213,L38,L35,6234571,5234617,right
6,43aadc01-0a25-4a46-8019-a301de817213,L1,L36,1234567,2314567,left
6,43aadc01-0a25-4a46-8019-a301de817213,L77,L81,7234165,1764523,right
6,43aadc01-0a25-4a46-8019-a301de817213,L60,L28,1435267,5234761,left
6,43aadc01-0a25-4a46-8019-a301de817213,L62,L13,1253467,1254367,right
6,43aadc01-0a25-4a46-8019-a301de817213,L76,L49,3264517,1235764,right
5,8a2db326-8553-46ff-83fe-d1b54280b083,L66,L24,2534167,1235647,right
5,8a2db326-8553-46ff-83fe-d1b54280b083,L43,L44,5231467,4213567,right
5,8a2db326-8553-46ff-83fe-d1b54280b083,L32,L81,1247563,1764523,left
5,8a2db326-8553-46ff-83fe-d1b54280b083,L2,L23,1324567,1634257,left
5,8a2db326-8553-46ff-83fe-d1b54280b083,L71,L63,1246537,1632547,left
5,8a2db326-8553-46ff-83fe-d1b54280b083,L68,L80,6234157,5431267,left
5,8a2db326-8553-46ff-83fe-d1b54280b083,L13,L19,1254367,3214567,left
5,8a2db326-8553-46ff-83fe-d1b54280b083,L69,L74,4235167,1234756,right
5,8a2db326-8553-46ff-83fe-d1b54280b083,L70,L59,4236517,3124567,right
5,8a2db326-8553-46ff-83fe-d1b54280b083,L58,L40,2734561,1534762,right
5,8a2db326-8553-46ff-83fe-d1b54280b083,L32,L15,1247563,5234167,left
5,8a2db326-8553-46ff-83fe-d1b54280b083,L61,L4,1273564,1432567,left
5,8a2db326-8553-46ff-83fe-d1b54280b083,L23,L26,1634257,1264573,right
5,8a2db326-8553-46ff-83fe-d1b54280b083,L57,L70,1634572,4236517,left
5,8a2db326-8553-46ff-83fe-d1b54280b083,L8,L58,1235467,2734561,left
5,8a2db326-8553-46ff-83fe-d1b54280b083,L63,L17,1632547,1234576,right
5,8a2db326-8553-46ff-83fe-d1b54280b083,L7,L56,1234765,4237561,left
5,8a2db326-8553-46ff-83fe-d1b54280b083,L8,L24,1235467,1235647,left
5,8a2db326-8553-46ff-83fe-d1b54280b083,L62,L28,1253467,5234761,left
5,8a2db326-8553-46ff-83fe-d1b54280b083,L41,L57,1437562,1634572,right
4,9da04d74-ada2-41f7-b1c9-9b7e24a35fdb,L79,L34,2341567,4132567,left
4,9da04d74-ada2-41f7-b1c9-9b7e24a35fdb,L54,L8,1374562,1235467,left
4,9da04d74-ada2-41f7-b1c9-9b7e24a35fdb,L41,L3,1437562,4231567,right
4,9da04d74-ada2-41f7-b1c9-9b7e24a35fdb,L37,L63,2431567,1632547,right
4,9da04d74-ada2-41f7-b1c9-9b7e24a35fdb,L25,L45,7234516,1524367,right
4,9da04d74-ada2-41f7-b1c9-9b7e24a35fdb,L72,L23,1423567,1634257,left
4,9da04d74-ada2-41f7-b1c9-9b7e24a35fdb,L46,L52,1534627,1254637,right
4,9da04d74-ada2-41f7-b1c9-9b7e24a35fdb,L52,L3,1254637,4231567,right
4,9da04d74-ada2-41f7-b1c9-9b7e24a35fdb,L22,L58,7234561,2734561,left
4,9da04d74-ada2-41f7-b1c9-9b7e24a35fdb,L15,L63,5234167,1632547,right
4,9da04d74-ada2-41f7-b1c9-9b7e24a35fdb,L80,L54,5431267,1374562,right
4,9da04d74-ada2-41f7-b1c9-9b7e24a35fdb,L63,L5,1632547,1234657,right
4,9da04d74-ada2-41f7-b1c9-9b7e24a35fdb,L30,L28,3274561,5234761,left
4,9da04d74-ada2-41f7-b1c9-9b7e24a35fdb,L52,L35,1254637,5234617,left
4,9da04d74-ada2-41f7-b1c9-9b7e24a35fdb,L33,L80,1532467,5431267,left
4,9da04d74-ada2-41f7-b1c9-9b7e24a35fdb,L12,L32,2134567,1247563,right
4,9da04d74-ada2-41f7-b1c9-9b7e24a35fdb,L59,L42,3124567,3254167,right
4,9da04d74-ada2-41f7-b1c9-9b7e24a35fdb,L36,L58,2314567,2734561,right
4,9da04d74-ada2-41f7-b1c9-9b7e24a35fdb,L30,L35,3274561,5234617,left
4,9da04d74-ada2-41f7-b1c9-9b7e24a35fdb,L50,L45,1236457,1524367,left
4,9b223833-e73f-429e-b5fd-b340b281450e,L79,L34,2341567,4132567,left
4,9b223833-e73f-429e-b5fd-b340b281450e,L8,L54,1235467,1374562,left
4,9b223833-e73f-429e-b5fd-b340b281450e,L3,L41,4231567,1437562,left
4,9b223833-e73f-429e-b5fd-b340b281450e,L37,L63,2431567,1632547,left
4,9b223833-e73f-429e-b5fd-b340b281450e,L25,L45,7234516,1524367,left
4,9b223833-e73f-429e-b5fd-b340b281450e,L72,L23,1423567,1634257,left
4,9b223833-e73f-429e-b5fd-b340b281450e,L52,L46,1254637,1534627,left
4,9b223833-e73f-429e-b5fd-b340b281450e,L3,L52,4231567,1254637,right
4,9b223833-e73f-429e-b5fd-b340b281450e,L58,L22,2734561,7234561,right
4,9b223833-e73f-429e-b5fd-b340b281450e,L63,L15,1632547,5234167,left
4,9b223833-e73f-429e-b5fd-b340b281450e,L80,L54,5431267,1374562,right
4,9b223833-e73f-429e-b5fd-b340b281450e,L5,L63,1234657,1632547,left
4,9b223833-e73f-429e-b5fd-b340b281450e,L30,L28,3274561,5234761,left
4,9b223833-e73f-429e-b5fd-b340b281450e,L52,L35,1254637,5234617,left
4,9b223833-e73f-429e-b5fd-b340b281450e,L80,L33,5431267,1532467,right
4,9b223833-e73f-429e-b5fd-b340b281450e,L12,L32,2134567,1247563,right
4,9b223833-e73f-429e-b5fd-b340b281450e,L59,L42,3124567,3254167,right
4,9b223833-e73f-429e-b5fd-b340b281450e,L58,L36,2734561,2314567,right
4,9b223833-e73f-429e-b5fd-b340b281450e,L30,L35,3274561,5234617,left
4,9b223833-e73f-429e-b5fd-b340b281450e,L45,L50,1524367,1236457,left
3,99a21a2c-c0e0-4de8-8ceb-ccbbd39ef066,L6,L60,1243567,1435267,left
3,99a21a2c-c0e0-4de8-8ceb-ccbbd39ef066,L26,L11,1264573,1237564,left
3,99a21a2c-c0e0-4de8-8ceb-ccbbd39ef066,L6,L80,1243567,5431267,left
3,99a21a2c-c0e0-4de8-8ceb-ccbbd39ef066,L2,L57,1324567,1634572,left
3,99a21a2c-c0e0-4de8-8ceb-ccbbd39ef066,L43,L49,5231467,1235764,right
3,99a21a2c-c0e0-4de8-8ceb-ccbbd39ef066,L45,L8,1524367,1235467,right
3,99a21a2c-c0e0-4de8-8ceb-ccbbd39ef066,L7,L32,1234765,1247563,right
3,99a21a2c-c0e0-4de8-8ceb-ccbbd39ef066,L82,L63,1273546,1632547,left
3,99a21a2c-c0e0-4de8-8ceb-ccbbd39ef066,L81,L17,1764523,1234576,right
3,99a21a2c-c0e0-4de8-8ceb-ccbbd39ef066,L61,L35,1273564,5234617,left
3,99a21a2c-c0e0-4de8-8ceb-ccbbd39ef066,L25,L28,7234516,5234761,left
3,99a21a2c-c0e0-4de8-8ceb-ccbbd39ef066,L17,L59,1234576,3124567,left
3,99a21a2c-c0e0-4de8-8ceb-ccbbd39ef066,L49,L26,1235764,1264573,right
3,99a21a2c-c0e0-4de8-8ceb-ccbbd39ef066,L47,L66,1724563,2534167,left
3,99a21a2c-c0e0-4de8-8ceb-ccbbd39ef066,L16,L14,1264537,1534267,left
3,99a21a2c-c0e0-4de8-8ceb-ccbbd39ef066,L80,L24,5431267,1235647,right
3,99a21a2c-c0e0-4de8-8ceb-ccbbd39ef066,L2,L81,1324567,1764523,left
3,99a21a2c-c0e0-4de8-8ceb-ccbbd39ef066,L58,L3,2734561,4231567,left
3,99a21a2c-c0e0-4de8-8ceb-ccbbd39ef066,L50,L14,1236457,1534267,left
3,99a21a2c-c0e0-4de8-8ceb-ccbbd39ef066,L82,L12,1273546,2134567,left
2,846ec304-cad0-4985-be76-1f1fe90456d3,L52,L49,1254637,1235764,left
2,846ec304-cad0-4985-be76-1f1fe90456d3,L32,L47,1247563,1724563,left
2,846ec304-cad0-4985-be76-1f1fe90456d3,L5,L59,1234657,3124567,left
2,846ec304-cad0-4985-be76-1f1fe90456d3,L63,L50,1632547,1236457,right
2,846ec304-cad0-4985-be76-1f1fe90456d3,L71,L74,1246537,1234756,left
2,846ec304-cad0-4985-be76-1f1fe90456d3,L8,L59,1235467,3124567,left
2,846ec304-cad0-4985-be76-1f1fe90456d3,L25,L2,7234516,1324567,left
2,846ec304-cad0-4985-be76-1f1fe90456d3,L60,L19,1435267,3214567,right
2,846ec304-cad0-4985-be76-1f1fe90456d3,L53,L44,1263547,4213567,left
2,846ec304-cad0-4985-be76-1f1fe90456d3,L82,L26,1273546,1264573,left
2,846ec304-cad0-4985-be76-1f1fe90456d3,L67,L32,1734526,1247563,right
2,846ec304-cad0-4985-be76-1f1fe90456d3,L81,L68,1764523,6234157,right
2,846ec304-cad0-4985-be76-1f1fe90456d3,L3,L43,4231567,5231467,left
2,846ec304-cad0-4985-be76-1f1fe90456d3,L79,L8,2341567,1235467,right
2,846ec304-cad0-4985-be76-1f1fe90456d3,L12,L19,2134567,3214567,left
2,846ec304-cad0-4985-be76-1f1fe90456d3,L17,L49,1234576,1235764,left
2,846ec304-cad0-4985-be76-1f1fe90456d3,L81,L41,1764523,1437562,left
2,846ec304-cad0-4985-be76-1f1fe90456d3,L52,L45,1254637,1524367,left
2,846ec304-cad0-4985-be76-1f1fe90456d3,L12,L37,2134567,2431567,left
2,846ec304-cad0-4985-be76-1f1fe90456d3,L10,L1,1236547,1234567,right
1,b1e4533b-29e5-4607-9aad-c49a7c0da91c,L50,L41,1236457,1437562,left
1,b1e4533b-29e5-4607-9aad-c49a7c0da91c,L4,L32,1432567,1247563,right
1,b1e4533b-29e5-4607-9aad-c49a7c0da91c,L55,L32,6231547,1247563,right
1,b1e4533b-29e5-4607-9aad-c49a7c0da91c,L50,L59,1236457,3124567,left
1,b1e4533b-29e5-4607-9aad-c49a7c0da91c,L48,L41,1436527,1437562,right
1,b1e4533b-29e5-4607-9aad-c49a7c0da91c,L59,L62,3124567,1253467,right
1,b1e4533b-29e5-4607-9aad-c49a7c0da91c,L50,L30,1236457,3274561,right
1,b1e4533b-29e5-4607-9aad-c49a7c0da91c,L43,L32,5231467,1247563,right
1,b1e4533b-29e5-4607-9aad-c49a7c0da91c,L72,L70,1423567,4236517,left
1,b1e4533b-29e5-4607-9aad-c49a7c0da91c,L52,L53,1254637,1263547,left
1,b1e4533b-29e5-4607-9aad-c49a7c0da91c,L41,L19,1437562,3214567,right
1,b1e4533b-29e5-4607-9aad-c49a7c0da91c,L32,L52,1247563,1254637,right
1,b1e4533b-29e5-4607-9aad-c49a7c0da91c,L59,L26,3124567,1264573,right
1,b1e4533b-29e5-4607-9aad-c49a7c0da91c,L11,L52,1237564,1254637,right
1,b1e4533b-29e5-4607-9aad-c49a7c0da91c,L32,L58,1247563,2734561,left
1,b1e4533b-29e5-4607-9aad-c49a7c0da91c,L38,L81,6234571,1764523,left
1,b1e4533b-29e5-4607-9aad-c49a7c0da91c,L11,L47,1237564,1724563,left
1,b1e4533b-29e5-4607-9aad-c49a7c0da91c,L71,L62,1246537,1253467,left
1,b1e4533b-29e5-4607-9aad-c49a7c0da91c,L48,L73,1436527,1354267,right
1,b1e4533b-29e5-4607-9aad-c49a7c0da91c,L26,L67,1264573,1734526,left
1,7a6207d2-e383-4a85-8917-a57d0f0fa5b4,L50,L41,1236457,1437562,left
1,7a6207d2-e383-4a85-8917-a57d0f0fa5b4,L32,L4,1247563,1432567,left
1,7a6207d2-e383-4a85-8917-a57d0f0fa5b4,L32,L55,1247563,6231547,right
1,7a6207d2-e383-4a85-8917-a57d0f0fa5b4,L59,L50,3124567,1236457,left
1,7a6207d2-e383-4a85-8917-a57d0f0fa5b4,L41,L48,1437562,1436527,left
1,7a6207d2-e383-4a85-8917-a57d0f0fa5b4,L62,L59,1253467,3124567,left
1,7a6207d2-e383-4a85-8917-a57d0f0fa5b4,L50,L30,1236457,3274561,left
1,7a6207d2-e383-4a85-8917-a57d0f0fa5b4,L32,L43,1247563,5231467,left
1,7a6207d2-e383-4a85-8917-a57d0f0fa5b4,L72,L70,1423567,4236517,left
1,7a6207d2-e383-4a85-8917-a57d0f0fa5b4,L53,L52,1263547,1254637,right
1,7a6207d2-e383-4a85-8917-a57d0f0fa5b4,L19,L41,3214567,1437562,left
1,7a6207d2-e383-4a85-8917-a57d0f0fa5b4,L52,L32,1254637,1247563,left
1,7a6207d2-e383-4a85-8917-a57d0f0fa5b4,L26,L59,1264573,3124567,left
1,7a6207d2-e383-4a85-8917-a57d0f0fa5b4,L11,L52,1237564,1254637,right
1,7a6207d2-e383-4a85-8917-a57d0f0fa5b4,L58,L32,2734561,1247563,right
1,7a6207d2-e383-4a85-8917-a57d0f0fa5b4,L38,L81,6234571,1764523,left
1,7a6207d2-e383-4a85-8917-a57d0f0fa5b4,L47,L11,1724563,1237564,right
1,7a6207d2-e383-4a85-8917-a57d0f0fa5b4,L71,L62,1246537,1253467,left
1,7a6207d2-e383-4a85-8917-a57d0f0fa5b4,L48,L73,1436527,1354267,right
1,7a6207d2-e383-4a85-8917-a57d0f0fa5b4,L26,L67,1264573,1734526,left